Code,Name,Name indo
U+1F600,grinning face,Wajah menyeringai
U+1F603,grinning face with big eyes,muka menyeringai dengan mata besar
U+1F604,grinning face with smiling eyes,Wajah menyeringai dengan mata tersenyum
U+1F601,beaming face with smiling eyes,wajah berseri-seri dengan mata tersenyum
U+1F606,grinning squinting face,muka juling menyeringai
U+1F605,grinning face with sweat,muka menyeringai dengan keringat
U+1F923,rolling on the floor laughing,tertawa menggelinding di lantai
U+1F602,face with tears of joy,wajah dengan air mata sukacita
U+1F642,slightly smiling face,sedikit wajah tersenyum
U+1F643,upside down face,wajah terbalik
U+1F609,winking face,mengedipkan mata wajah
U+1F60A,smiling face with smiling eyes,Wajah tersenyum dengan mata tersenyum
U+1F607,smiling face with halo,Senyum wajah dengan halo
U+1F970,smiling face with hearts,Wajah tersenyum dengan hati
U+1F60D,smiling face with heart eyes,Wajah tersenyum dengan mata hati
U+1F929,star struck,bintang melanda
U+1F618,face blowing a kiss,wajah meniup ciuman
U+1F617,kissing face,wajah ciuman
U+263A,smiling face,Senyum wajah
U+1F61A,kissing face with closed eyes,Berciuman wajah dengan mata tertutup
U+1F619,kissing face with smiling eyes,Berciuman wajah dengan mata tersenyum
U+1F972,smiling face with tear,Wajah tersenyum dengan air mata
U+1F60B,face savoring food,Wajah menikmati makanan
U+1F61B,face with tongue,Wajah dengan lidah
U+1F61C,winking face with tongue,mengedipkan mata wajah dengan lidah
U+1F92A,zany face,wajah zany
U+1F61D,squinting face with tongue,"""Wajah menyipitkan mata dengan lidah"""
U+1F911,money mouth face,wajah mulut uang
U+1F917,hugging face,Wajah memeluk
U+1F92D,face with hand over mouth,wajah dengan tangan di atas mulut
U+1F92B,shushing face,Wajah diam
U+1F914,thinking face,wajah berpikir
U+1F910,zipper mouth face,muka mulut ritsleting
U+1F928,face with raised eyebrow,Wajah dengan alis terangkat
U+1F610,neutral face,wajah netral
U+1F611,expressionless face,ekspresi wajah
U+1F636,face without mouth,wajah tanpa mulut
U+1F60F,smirking face,Wajah menyeringai
U+1F612,unamused face,wajah tidak digunakan
U+1F644,face with rolling eyes,(Wajah-wajah dengan mata yang terbalik)
U+1F62C,grimacing face,Wajah muram
U+1F925,lying face,muka berbohong
U+1F60C,relieved face,wajah lega
U+1F614,pensive face,Wajah termenung
U+1F62A,sleepy face,muka mengantuk
U+1F924,drooling face,muka air liur
U+1F634,sleeping face,wajah tidur
U+1F637,face with medical mask,wajah dengan masker medis
U+1F912,face with thermometer,wajah dengan termometer
U+1F915,face with head bandage,wajah dengan perban kepala
U+1F922,nauseated face,Wajah mual
U+1F92E,face vomiting,muntah wajah
U+1F927,sneezing face,Wajah bersin
U+1F975,hot face,wajah panas
U+1F976,cold face,wajah dingin
U+1F974,woozy face,wajah pusing
U+1F635,dizzy face,wajah pusing
U+1F92F,exploding head,kepala meledak
U+1F920,cowboy hat face,koboi topi wajah
U+1F973,partying face,wajah berpesta
U+1F978,disguised face,Muka yang menyamar
U+1F60E,smiling face with sunglasses,Wajah tersenyum dengan kacamata hitam
U+1F913,nerd face,nerd wajah
U+1F9D0,face with monocle,Wajah dengan monocle
U+1F615,confused face,wajah bingung
U+1F61F,worried face,wajah khawatir
U+1F641,slightly frowning face,Wajah cemberut sedikit
U+2639,frowning face,Wajah cemberut
U+1F62E,face with open mouth,wajah dengan mulut terbuka
U+1F62F,hushed face,wajah diam-diam
U+1F632,astonished face,tercengang wajah
U+1F633,flushed face,wajah memerah
U+1F97A,pleading face,pemohon wajah
U+1F626,frowning face with open mouth,muka cemberut dengan mulut terbuka
U+1F627,anguished face,wajah sedih
U+1F628,fearful face,Wajah ketakutan.
U+1F630,anxious face with sweat,wajah cemas dengan keringat
U+1F625,sad but relieved face,sedih tapi lega wajah
U+1F622,crying face,wajah menangis
U+1F62D,loudly crying face,keras menangis wajah
U+1F631,face screaming in fear,"""Wajah berteriak dalam ketakutan"""
U+1F616,confounded face,Wajah bingung
U+1F623,persevering face,persevering wajah
U+1F61E,disappointed face,wajah kecewa
U+1F613,downcast face with sweat,Wajah murung dengan keringat
U+1F629,weary face,muka lelah
U+1F62B,tired face,wajah lelah
U+1F971,yawning face,Wajah menguap
U+1F624,face with steam from nose,Wajah dengan uap dari hidung
U+1F621,pouting face,Wajah cemberut
U+1F620,angry face,Wajah marah
U+1F92C,face with symbols on mouth,wajah dengan simbol di mulut
U+1F608,smiling face with horns,Wajah tersenyum dengan tanduk
U+1F47F,angry face with horns,muka marah dengan tanduk
U+1F480,skull,Tengkorak
U+2620,pirate flag,bendera bajak laut
U+1F4A9,pile of poo,tumpukan kotoran
U+1F921,clown face,Wajah badut
U+1F479,ogre,ogre
U+1F47A,goblin,goblin
U+1F47B,ghost,hantu
U+1F47D,alien,alien
U+1F47E,alien monster,monster alien
U+1F916,robot,Robot
U+1F63A,grinning cat,Kucing menyeringai
U+1F638,grinning cat with smiling eyes,Kucing menyeringai dengan mata tersenyum
U+1F639,cat with tears of joy,kucing dengan air mata sukacita
U+1F63B,smiling cat with heart eyes,Kucing tersenyum dengan mata hati
U+1F63C,cat with wry smile,kucing dengan senyum kecut
U+1F63D,kissing cat,"""Ciuman Kucing""!"
U+1F640,weary cat,Kucing lelah
U+1F63F,crying cat,Kucing menangis
U+1F63E,pouting cat,Kucing cemberut
U+1F648,see no evil monkey,lihat ada monyet jahat
U+1F649,hear no evil monkey,mendengar ada monyet jahat
U+1F64A,speak no evil monkey,Tidak berbicara monyet jahat
U+1F48B,kiss  woman  woman,kiss woman woman
U+1F48C,love letter,surat cinta
U+1F498,heart with arrow,hati dengan panah
U+1F49D,heart with ribbon,hati dengan pita
U+1F496,sparkling heart,lubuk hati yang berkilau
U+1F497,growing heart,growing heart
U+1F493,beating heart,detak jantung
U+1F49E,revolving hearts,revolving hati
U+1F495,two hearts,dua hati
U+1F49F,heart decoration,dekorasi hati
U+2763,heart exclamation,seruan hati
U+1F494,broken heart,patah hati
U+2764,couple with heart  woman  woman,pasangan dengan wanita jantung
U+1F9E1,orange heart,hati oranye
U+1F49B,yellow heart,Hati kuning
U+1F49A,green heart,berhati hijau
U+1F499,blue heart,hati biru
U+1F49C,purple heart,berhati ungu
U+1F90E,brown heart,hati coklat
U+1F5A4,black heart,hati yang hitam
U+1F90D,white heart,hati putih
U+1F4AF,hundred points,seratus poin
U+1F4A2,anger symbol,simbol kemarahan
U+1F4A5,collision,tabrakan
U+1F4AB,dizzy,pusing
U+1F4A6,sweat droplets,tetesan keringat
U+1F4A8,dashing away,gagah pergi
U+1F573,hole,lubang
U+1F4A3,bomb,bom
U+1F4AC,speech balloon,balon pidato
U+1F441,eye,mata
U+FE0F,pirate flag,bendera bajak laut
U+200D,pirate flag,bendera bajak laut
U+1F5E8,left speech bubble,gelembung pidato kiri
U+1F5EF,right anger bubble,gelembung kemarahan yang tepat
U+1F4AD,thought balloon,pikir balon
U+1F4A4,zzz,zzz
U+1F44B,waving hand,melambaikan tangan
U+1F91A,raised back of hand,mengangkat kembali tangan
U+1F590,hand with fingers splayed,tangan dengan jari splayed
U+270B,raised hand,mengangkat tangan
U+1F596,vulcan salute,Salut vulcan
U+1F44C,OK hand,OK tangan
U+1F90C,pinched fingers,jari yang terjepit
U+1F90F,pinching hand,cubitan tangan
U+270C,victory hand,tangan kemenangan
U+1F91E,crossed fingers,silang jari
U+1F91F,love you gesture,cinta Anda gerakan
U+1F918,sign of the horns,tanda tanduk
U+1F919,call me hand,panggil aku tangan
U+1F448,backhand index pointing left,indeks backhand menunjuk kiri
U+1F449,backhand index pointing right,indeks backhand menunjuk kanan
U+1F446,backhand index pointing up,indeks backhand menunjuk ke atas
U+1F595,middle finger,jari tengah
U+1F447,backhand index pointing down,indeks backhand menunjuk ke bawah
U+261D,index pointing up,indeks menunjuk ke atas
U+1F44D,thumbs up,jempol keatas
U+1F44E,thumbs down,jempol bawah
U+270A,raised fist,Angkat tinju
U+1F44A,oncoming fist,"""Pada tinju yang akan datang"""
U+1F91B,left facing fist,kiri menghadap tinju
U+1F91C,right facing fist,kanan menghadap tinju
U+1F44F,clapping hands,Tepuk tangan
U+1F64C,raising hands,Angkat tangan
U+1F450,open hands,tangan terbuka
U+1F932,palms up together,telapak tangan up bersama-sama
U+1F91D,people holding hands,orang berpegangan tangan
U+1F64F,folded hands,tangan terlipat
U+270D,writing hand,menulis tangan
U+1F485,nail polish,cat kuku
U+1F933,selfie,Selfie
U+1F4AA,flexed biceps,bisep fleksibel
U+1F9BE,mechanical arm,lengan mekanis
U+1F9BF,mechanical leg,kaki mekanis
U+1F9B5,leg,kaki
U+1F9B6,foot,kaki
U+1F442,ear,telinga
U+1F9BB,ear with hearing aid,telinga dengan alat bantu dengar
U+1F443,nose,hidung
U+1F9E0,brain,otak
U+1FAC0,anatomical heart,jantung anatomi
U+1FAC1,lungs,paru-paru
U+1F9B7,tooth,gigi
U+1F9B4,bone,tulang
U+1F440,eyes,mata
U+1F445,tongue,lidah
U+1F444,mouth,mulut
U+1F476,baby,bayi
U+1F9D2,child,anak
U+1F466,family  woman  girl  boy,gadis laki-laki wanita keluarga
U+1F467,family  woman  girl  girl,gadis perempuan keluarga
U+1F9D1,people holding hands,orang berpegangan tangan
U+1F471,man  blond hair,pria berambut pirang
U+1F468,family  man  girl  girl,family man girl girl
U+1F9D4,man  beard,jenggot pria
U+1F9B0,red hair,rambut merah
U+1F9B1,curly hair,Rambut keriting
U+1F9B3,white hair,rambut putih
U+1F9B2,bald,botak
U+1F469,family  woman  girl  girl,gadis perempuan keluarga
U+2640,female sign,tanda perempuan
U+2642,male sign,tanda pria
U+1F9D3,older person,orang yang lebih tua
U+1F474,old man,orang tua
U+1F475,old woman,wanita tua
U+1F64D,woman frowning,wanita mengerutkan dahi
U+1F64E,woman pouting,wanita cemberut
U+1F645,woman gesturing NO,wanita memberikan isyarat tidak ada
U+1F646,woman gesturing OK,Wanita baik-baik saja.
U+1F481,woman tipping hand,wanita tiping tangan
U+1F64B,woman raising hand,wanita mengangkat tangan
U+1F9CF,deaf woman,wanita tuli
U+1F647,woman bowing,wanita membungkuk
U+1F926,woman facepalming,wanita facepalming
U+1F937,woman shrugging,wanita mengangkat bahu
U+2695,medical symbol,simbol medis
U+1F393,graduation cap,tutup kelulusan
U+1F3EB,school,sekolah
U+2696,balance scale,Skalabalance
U+1F33E,sheaf of rice,sheaf beras
U+1F373,cooking,memasak
U+1F527,wrench,kunci pas
U+1F3ED,factory,pabrik
U+1F4BC,briefcase,tas
U+1F52C,microscope,mikroskop
U+1F4BB,laptop,laptop
U+1F3A4,microphone,mikrofon
U+1F3A8,artist palette,palet artis
U+2708,airplane,Pesawat
U+1F680,rocket,roket
U+1F692,fire engine,mesin pemadam kebakaran
U+1F46E,woman police officer,petugas polisi wanita
U+1F575,woman detective,detektif wanita
U+1F482,woman guard,wanita penjaga
U+1F977,ninja,Ninja
U+1F477,woman construction worker,pekerja konstruksi wanita
U+1F934,prince,pangeran
U+1F478,princess,Tuan Putri.
U+1F473,woman wearing turban,wanita memakai sorban
U+1F472,person with skullcap,orang dengan skulcap
U+1F9D5,woman with headscarf,wanita dengan headscarf
U+1F935,woman in tuxedo,Perempuan dalam tuksedo
U+1F470,woman with veil,wanita dengan kerudung
U+1F930,pregnant woman,wanita hamil
U+1F931,breast feeding,menyusui payudara
U+1F37C,baby bottle,botol bayi
U+1F47C,baby angel,baby angel
U+1F385,Santa Claus,Santa Claus
U+1F936,Mrs  Claus,Nyonya Claus
U+1F384,Christmas tree,Pohon Natal
U+1F9B8,woman superhero,wanita superhero
U+1F9B9,woman supervillain,wanita supervillain
U+1F9D9,woman mage,perempuan mage
U+1F9DA,woman fairy,peri wanita
U+1F9DB,woman vampire,vampir wanita
U+1F9DC,mermaid,Putri duyung
U+1F9DD,woman elf,peri wanita
U+1F9DE,woman genie,jin wanita
U+1F9DF,woman zombie,wanita zombie
U+1F486,woman getting massage,wanita yang dipijat
U+1F487,woman getting haircut,wanita mendapatkan potongan rambut
U+1F6B6,woman walking,Perempuan berjalan
U+1F9CD,woman standing,wanita berdiri
U+1F9CE,woman kneeling,wanita berlutut
U+1F9AF,white cane,tongkat putih
U+1F9BC,motorized wheelchair,Kursi roda bermotor
U+1F9BD,manual wheelchair,kursi roda manual
U+1F3C3,woman running,Perempuan berjalan
U+1F483,woman dancing,wanita menari
U+1F57A,man dancing,pria menari
U+1F574,person in suit levitating,Orang berjas melayang-layang
U+1F46F,women with bunny ears,wanita dengan telinga kelinci
U+1F9D6,woman in steamy room,Wanita di kamar uap
U+1F9D7,woman climbing,wanita mendaki
U+1F93A,person fencing,pagar person
U+1F3C7,horse racing,balap kuda
U+26F7,skier,skier
U+1F3C2,snowboarder,snowboarder
U+1F3CC,woman golfing,wanita pegolf
U+1F3C4,woman surfing,wanita berselancar
U+1F6A3,woman rowing boat,wanita pendayung perahu
U+1F3CA,woman swimming,wanita berenang
U+26F9,woman bouncing ball,wanita memantul bola
U+1F3CB,woman lifting weights,wanita angkat beban
U+1F6B4,woman biking,wanita bersepeda
U+1F6B5,woman mountain biking,wanita gunung bersepeda
U+1F938,woman cartwheeling,wanita cartwheeling
U+1F93C,women wrestling,gulat wanita
U+1F93D,woman playing water polo,wanita bermain polo air
U+1F93E,woman playing handball,Wanita bermain bola tangan
U+1F939,woman juggling,wanita juggling
U+1F9D8,woman in lotus position,wanita dalam posisi lotus
U+1F6C0,person taking bath,orang mandi
U+1F6CC,person in bed,orang di tempat tidur
U+1F46D,women holding hands,wanita berpegangan tangan
U+1F46B,woman and man holding hands,wanita dan pria berpegangan tangan
U+1F46C,men holding hands,pria berpegangan tangan
U+1F48F,kiss,ciuman
U+1F491,couple with heart,pasangan dengan hati
U+1F46A,family,keluarga
U+1F5E3,speaking head,berbicara kepala
U+1F464,bust in silhouette,bust dalam siluet
U+1F465,busts in silhouette,payudara dalam siluet
U+1FAC2,people hugging,orang memeluk
U+1F463,footprints,jejak kaki
U+1F435,monkey face,muka monyet
U+1F412,monkey,monyet
U+1F98D,gorilla,gorila
U+1F9A7,orangutan,utan
U+1F436,dog face,wajah anjing
U+1F415,service dog,anjing layanan
U+1F9AE,guide dog,Anjing pemandu
U+1F9BA,safety vest,Rompi pengaman
U+1F429,poodle,Pudel
U+1F43A,wolf,serigala
U+1F98A,fox,rubah
U+1F99D,raccoon,rakun
U+1F431,cat face,wajah kucing
U+1F408,black cat,kucing hitam
U+2B1B,black large square,black large square
U+1F981,lion,Singa
U+1F42F,tiger face,Wajah harimau
U+1F405,tiger,harimau
U+1F406,leopard,macan tutul
U+1F434,horse face,wajah kuda
U+1F40E,horse,kuda
U+1F984,unicorn,Unicorn
U+1F993,zebra,zebra
U+1F98C,deer,rusa
U+1F9AC,bison,bison
U+1F42E,cow face,Wajah sapi
U+1F402,ox,lembu
U+1F403,water buffalo,kerbau air
U+1F404,cow,sapi
U+1F437,pig face,muka babi
U+1F416,pig,babi
U+1F417,boar,babi hutan
U+1F43D,pig nose,hidung babi
U+1F40F,ram,ram
U+1F411,ewe,ewe
U+1F410,goat,kambing
U+1F42A,camel,Unta
U+1F42B,two hump camel,dua unta punuk
U+1F999,llama,llama
U+1F992,giraffe,jerapah
U+1F418,elephant,gajah
U+1F9A3,mammoth,mammoth
U+1F98F,rhinoceros,badak
U+1F99B,hippopotamus,kuda nil
U+1F42D,mouse face,wajah mouse
U+1F401,mouse,tetikus
U+1F400,rat,tikus
U+1F439,hamster,hamster
U+1F430,rabbit face,Wajah kelinci
U+1F407,rabbit,kelinci
U+1F43F,chipmunk,tupai
U+1F9AB,beaver,berang-berang
U+1F994,hedgehog,landak
U+1F987,bat,kelelawar
U+1F43B,polar bear,Beruang kutub
U+2744,snowflake,Saljuweather forecast
U+1F428,koala,koala
U+1F43C,panda,Panda
U+1F9A5,sloth,kemalasan
U+1F9A6,otter,otter
U+1F9A8,skunk,Sigung
U+1F998,kangaroo,kanguru
U+1F9A1,badger,luak
U+1F43E,paw prints,jejak kaki
U+1F983,turkey,kalkun
U+1F414,chicken,ayam
U+1F413,rooster,ayam jantan
U+1F423,hatching chick,menetas cewek
U+1F424,baby chick,bayi ayam
U+1F425,front facing baby chick,depan menghadapi bayi cewek
U+1F426,bird,burung
U+1F427,penguin,penguin
U+1F54A,dove,merpati
U+1F985,eagle,elang
U+1F986,duck,bebek
U+1F9A2,swan,angsa
U+1F989,owl,Burung hantu
U+1F9A4,dodo,dodo
U+1FAB6,feather,Bulu
U+1F9A9,flamingo,flamingo
U+1F99A,peacock,merak
U+1F99C,parrot,kakaktua
U+1F438,frog,katak
U+1F40A,crocodile,Buaya
U+1F422,turtle,penyu
U+1F98E,lizard,kadal
U+1F40D,snake,ular
U+1F432,dragon face,dragon face
U+1F409,dragon,naga
U+1F995,sauropod,sauropod
U+1F996,T Rex,T Rex
U+1F433,spouting whale,semburan ikan paus
U+1F40B,whale,paus
U+1F42C,dolphin,lumba - lumba
U+1F9AD,seal,segel
U+1F41F,fish,ikan
U+1F420,tropical fish,ikan tropis
U+1F421,blowfish,ikan buntal
U+1F988,shark,hiu
U+1F419,octopus,gurita
U+1F41A,spiral shell,shell spiral
U+1F40C,snail,siput
U+1F98B,butterfly,kupu-kupu
U+1F41B,bug,bug
U+1F41C,ant,semut
U+1F41D,honeybee,lebah madu
U+1FAB2,beetle,kumbang
U+1F41E,lady beetle,kumbang wanita
U+1F997,cricket,Kriket
U+1FAB3,cockroach,kecoa
U+1F577,spider,laba-laba
U+1F578,spider web,jaring laba-laba
U+1F982,scorpion,Kalajengking
U+1F99F,mosquito,Nyamuk
U+1FAB0,fly,terbang
U+1FAB1,worm,cacing
U+1F9A0,microbe,mikroba
U+1F490,bouquet,karangan bunga
U+1F338,cherry blossom,cherry blossom
U+1F4AE,white flower,bunga putih
U+1F3F5,rosette,rosette
U+1F339,rose,mawar
U+1F940,wilted flower,bunga layu
U+1F33A,hibiscus,Musibah
U+1F33B,sunflower,Bunga matahari
U+1F33C,blossom,mekar
U+1F337,tulip,tulip
U+1F331,seedling,mengais-ngais
U+1FAB4,potted plant,pot tanaman
U+1F332,evergreen tree,pohon evergreen
U+1F333,deciduous tree,pohon desidu
U+1F334,palm tree,pohon palem
U+1F335,cactus,kaktus
U+1F33F,herb,herba
U+2618,shamrock,shamrock
U+1F340,four leaf clover,empat daun semanggi
U+1F341,maple leaf,Daun maple
U+1F342,fallen leaf,daun gugur
U+1F343,leaf fluttering in wind,daun berkibar dalam angin
U+1F347,grapes,anggur
U+1F348,melon,melon
U+1F349,watermelon,semangka
U+1F34A,tangerine,jeruk
U+1F34B,lemon,lemon
U+1F34C,banana,pisang
U+1F34D,pineapple,nanas
U+1F96D,mango,mangga
U+1F34E,red apple,apel merah
U+1F34F,green apple,apel hijau
U+1F350,pear,pir
U+1F351,peach,persik
U+1F352,cherries,ceri
U+1F353,strawberry,stroberi
U+1FAD0,blueberries,blueberry
U+1F95D,kiwi fruit,Buah kiwi
U+1F345,tomato,Tomat
U+1FAD2,olive,zaitun
U+1F965,coconut,kelapa
U+1F951,avocado,alpukat
U+1F346,eggplant,terong
U+1F954,potato,kentang
U+1F955,carrot,wortel
U+1F33D,ear of corn,Telinga jagung
U+1F336,hot pepper,lada panas
U+1FAD1,bell pepper,Bell pepper
U+1F952,cucumber,mentimun
U+1F96C,leafy green,hijau berdaun
U+1F966,broccoli,brokoli
U+1F9C4,garlic,Bawang putih
U+1F9C5,onion,Bawang
U+1F344,mushroom,jamur
U+1F95C,peanuts,kacang
U+1F330,chestnut,kastanye
U+1F35E,bread,roti
U+1F950,croissant,croissant
U+1F956,baguette bread,roti baguette
U+1FAD3,flatbread,roti pipih
U+1F968,pretzel,pretzel
U+1F96F,bagel,bagel
U+1F95E,pancakes,pancake
U+1F9C7,waffle,Wafel
U+1F9C0,cheese wedge,irisan keju
U+1F356,meat on bone,daging di tulang
U+1F357,poultry leg,kaki unggas
U+1F969,cut of meat,potongan daging
U+1F953,bacon,bacon
U+1F354,hamburger,hamburger
U+1F35F,french fries,Kentang goreng
U+1F355,pizza,pizza
U+1F32D,hot dog,hot dog
U+1F96A,sandwich,sandwich
U+1F32E,taco,Taco
U+1F32F,burrito,burrito
U+1FAD4,tamale,tamale
U+1F959,stuffed flatbread,isi roti pipih
U+1F9C6,falafel,falafel
U+1F95A,egg,telur
U+1F958,shallow pan of food,Panci makanan dangkal
U+1F372,pot of food,pot makanan
U+1FAD5,fondue,fondue
U+1F963,bowl with spoon,mangkuk dengan sendok
U+1F957,green salad,salad hijau
U+1F37F,popcorn,Popcorn
U+1F9C8,butter,mentega
U+1F9C2,salt,garam
U+1F96B,canned food,makanan kalengan
U+1F371,bento box,kotak bento
U+1F358,rice cracker,nasi kerupuk
U+1F359,rice ball,bola nasi
U+1F35A,cooked rice,nasi masak
U+1F35B,curry rice,nasi kari
U+1F35C,steaming bowl,Mangkuk kukus
U+1F35D,spaghetti,spaghetti
U+1F360,roasted sweet potato,Kentang manis panggang
U+1F362,oden,Oden
U+1F363,sushi,sushi
U+1F364,fried shrimp,udang goreng
U+1F365,fish cake with swirl,kue ikan dengan pusaran
U+1F96E,moon cake,kue bulan
U+1F361,dango,dango
U+1F95F,dumpling,pangsit
U+1F960,fortune cookie,kue keberuntungan
U+1F961,takeout box,kotak takeout
U+1F980,crab,kepiting
U+1F99E,lobster,lobster
U+1F990,shrimp,udang
U+1F991,squid,cumi-cumi
U+1F9AA,oyster,tiram
U+1F366,soft ice cream,es krim lembut
U+1F367,shaved ice,es cukur
U+1F368,ice cream,es krim
U+1F369,doughnut,Donat
U+1F36A,cookie,cookie
U+1F382,birthday cake,kue ulang tahun
U+1F370,shortcake,shortcake
U+1F9C1,cupcake,cupcake
U+1F967,pie,pie
U+1F36B,chocolate bar,coklat
U+1F36C,candy,permen
U+1F36D,lollipop,lolipop
U+1F36E,custard,custard
U+1F36F,honey pot,honey pot
U+1F95B,glass of milk,segelas susu
U+2615,hot beverage,minuman panas
U+1FAD6,teapot,teko
U+1F375,teacup without handle,cangkir teh tanpa penanganan
U+1F376,sake,sake
U+1F37E,bottle with popping cork,botol dengan gabus popping
U+1F377,wine glass,gelas anggur
U+1F378,cocktail glass,gelas koktail
U+1F379,tropical drink,minuman tropis
U+1F37A,beer mug,gelas bir
U+1F37B,clinking beer mugs,mendentingkan cangkir bir
U+1F942,clinking glasses,dentingan gelas
U+1F943,tumbler glass,gelas tumbler
U+1F964,cup with straw,cangkir dengan jerami
U+1F9CB,bubble tea,teh gelembung
U+1F9C3,beverage box,kotak minuman
U+1F9C9,mate,mate
U+1F9CA,ice,es
U+1F962,chopsticks,sumpit
U+1F37D,fork and knife with plate,garpu dan pisau dengan piring
U+1F374,fork and knife,garpu dan pisau
U+1F944,spoon,sendok
U+1F52A,kitchen knife,pisau dapur
U+1F3FA,amphora,Amphorae
U+1F30D,globe showing Europe Africa,globe showing Europe Africa
U+1F30E,globe showing Americas,globe showing Americas
U+1F30F,globe showing Asia Australia,globe memperlihatkan Asia Australia
U+1F310,globe with meridians,globe with meridians
U+1F5FA,world map,peta dunia
U+1F5FE,map of Japan,peta Jepang
U+1F9ED,compass,kompas
U+1F3D4,snow capped mountain,gunung salju tertutupweather forecast
U+26F0,mountain,gunung
U+1F30B,volcano,gunung berapi
U+1F5FB,mount fuji,mount fuji
U+1F3D5,camping,berkemah
U+1F3D6,beach with umbrella,pantai dengan payung
U+1F3DC,desert,gurun
U+1F3DD,desert island,pulau gurun
U+1F3DE,national park,taman nasional
U+1F3DF,stadium,Stadion
U+1F3DB,classical building,bangunan klasik
U+1F3D7,building construction,konstruksi
U+1F9F1,brick,bata
U+1FAA8,rock,rock
U+1FAB5,wood,kayu
U+1F6D6,hut,hut
U+1F3D8,houses,rumah
U+1F3DA,derelict house,rumah derelict
U+1F3E0,house,rumah
U+1F3E1,house with garden,rumah dengan taman
U+1F3E2,office building,gedung perkantoran
U+1F3E3,Japanese post office,Kantor Pos Jepang
U+1F3E4,post office,kantor pos
U+1F3E5,hospital,rumah sakit
U+1F3E6,bank,bank
U+1F3E8,hotel,hotel
U+1F3E9,love hotel,Hotel cinta
U+1F3EA,convenience store,toserba
U+1F3EC,department store,department store
U+1F3EF,Japanese castle,Kastil Jepang
U+1F3F0,castle,Kastil
U+1F492,wedding,pernikahan
U+1F5FC,Tokyo tower,Tokyo tower
U+1F5FD,Statue of Liberty,Patung Liberty
U+26EA,church,gereja
U+1F54C,mosque,masjid
U+1F6D5,hindu temple,Kuil hindu
U+1F54D,synagogue,sinagoga
U+26E9,shinto shrine,kuil shinto
U+1F54B,kaaba,"KaabaCity in Texas, United States"
U+26F2,fountain,air mancur
U+26FA,tent,tenda
U+1F301,foggy,berkabutweather forecast
U+1F303,night with stars,malam dengan bintang-bintang
U+1F3D9,cityscape,cityscape
U+1F304,sunrise over mountains,matahari terbit di atas pegunungan
U+1F305,sunrise,matahari terbit
U+1F306,cityscape at dusk,Cityscape at dusk
U+1F307,sunset,matahari terbenam
U+1F309,bridge at night,jembatan di malam hari
U+2668,hot springs,sumber air panas
U+1F3A0,carousel horse,Kuda korsel
U+1F3A1,ferris wheel,Roda feri
U+1F3A2,roller coaster,roller coaster
U+1F488,barber pole,Tukang cukur tiang
U+1F3AA,circus tent,tenda sirkus
U+1F682,locomotive,lokomotif
U+1F683,railway car,gerbong kereta api
U+1F684,high speed train,Kereta kecepatan tinggi
U+1F685,bullet train,kereta peluru
U+1F686,train,kereta
U+1F687,metro,metro
U+1F688,light rail,rel lampu
U+1F689,station,stasiun
U+1F68A,tram,trem
U+1F69D,monorail,monorail
U+1F69E,mountain railway,kereta api gunung
U+1F68B,tram car,trem mobil
U+1F68C,bus,bus
U+1F68D,oncoming bus,bus datang
U+1F68E,trolleybus,trolleybus
U+1F690,minibus,minibus
U+1F691,ambulance,ambulans
U+1F693,police car,mobil polisi
U+1F694,oncoming police car,mobil polisi datang
U+1F695,taxi,taksi
U+1F696,oncoming taxi,oncoming taxi
U+1F697,automobile,mobil
U+1F698,oncoming automobile,oncoming automobile
U+1F699,sport utility vehicle,kendaraan utilitas olahraga
U+1F6FB,pickup truck,truk pickup
U+1F69A,delivery truck,truk pengantar
U+1F69B,articulated lorry,lorry yang diartikulasikan
U+1F69C,tractor,traktor
U+1F3CE,racing car,Mobil balap
U+1F3CD,motorcycle,sepeda motor
U+1F6F5,motor scooter,skuter
U+1F6FA,auto rickshaw,becak otomatis
U+1F6B2,bicycle,sepeda
U+1F6F4,kick scooter,kick scooter
U+1F6F9,skateboard,skateboard
U+1F6FC,roller skate,roller skate
U+1F68F,bus stop,halte bus
U+1F6E3,motorway,jalan raya
U+1F6E4,railway track,rel kereta api
U+1F6E2,oil drum,drum minyak
U+26FD,fuel pump,pompa bahan bakar
U+1F6A8,police car light,lampu mobil polisi
U+1F6A5,horizontal traffic light,lampu lalu lintas horisontal
U+1F6A6,vertical traffic light,lampu lalu lintas vertikal
U+1F6D1,stop sign,tanda berhenti
U+1F6A7,construction,konstruksi
U+2693,anchor,jangkar
U+26F5,sailboat,perahu layar
U+1F6F6,canoe,kano
U+1F6A4,speedboat,speedboat
U+1F6F3,passenger ship,kapal penumpang
U+26F4,ferry,feri
U+1F6E5,motor boat,perahu bermotor
U+1F6A2,ship,kapal
U+1F6E9,small airplane,pesawat kecil
U+1F6EB,airplane departure,Pesawat berangkat
U+1F6EC,airplane arrival,Kedatangan pesawat
U+1FA82,parachute,parasut
U+1F4BA,seat,kursi
U+1F681,helicopter,helikopter
U+1F69F,suspension railway,Suspend kereta api
U+1F6A0,mountain cableway,jalur kabel gunung
U+1F6A1,aerial tramway,tramway udara
U+1F6F0,satellite,satelit
U+1F6F8,flying saucer,Piring terbang
U+1F6CE,bellhop bell,bellhop bell
U+1F9F3,luggage,bagasi
U+231B,hourglass done,jamglass selesai
U+23F3,hourglass not done,jam pasir tidak dilakukan
U+231A,watch,watch
U+23F0,alarm clock,jam alarm
U+23F1,stopwatch,stopwatch
U+23F2,timer clock,jam timer
U+1F570,mantelpiece clock,jam mantelpiece
U+1F55B,twelve o clock,Dua belas o jam
U+1F567,twelve thirty,Dua belas tiga puluh
U+1F550,one o clock,satu o jam
U+1F55C,one thirty,130
U+1F551,two o clock,dua o jam
U+1F55D,two thirty,dua tiga puluh
U+1F552,three o clock,tiga o jam
U+1F55E,three thirty,tiga puluh
U+1F553,four o clock,jam empat
U+1F55F,four thirty,empat puluh
U+1F554,five o clock,lima o jam
U+1F560,five thirty,lima tiga puluh
U+1F555,six o clock,enam o jam
U+1F561,six thirty,enam tiga puluh
U+1F556,seven o clock,tujuh o jam
U+1F562,seven thirty,tujuh puluh
U+1F557,eight o clock,jam delapan
U+1F563,eight thirty,Delapan puluh
U+1F558,nine o clock,jam sembilan
U+1F564,nine thirty,sembilan puluh
U+1F559,ten o clock,jam sepuluh
U+1F565,ten thirty,sepuluh tiga puluh
U+1F55A,eleven o clock,sebelas o jam
U+1F566,eleven thirty,sebelas tiga puluh
U+1F311,new moon,bulan baru
U+1F312,waxing crescent moon,bulan sabit waxing
U+1F313,first quarter moon,bulan quarter pertama
U+1F314,waxing gibbous moon,bulan waxing gibbous
U+1F315,full moon,bulan purnama
U+1F316,waning gibbous moon,bulan sabit berkurang
U+1F317,last quarter moon,bulan kuartal terakhir
U+1F318,waning crescent moon,bulan sabit memudar
U+1F319,crescent moon,Bulan sabit
U+1F31A,new moon face,wajah bulan baru
U+1F31B,first quarter moon face,pertama wajah bulan quarter
U+1F31C,last quarter moon face,terakhir wajah bulan quarter
U+1F321,thermometer,termometer
U+2600,sun,matahari
U+1F31D,full moon face,bulan purnama wajah
U+1F31E,sun with face,matahari dengan wajah
U+1FA90,ringed planet,planet bercincin
U+2B50,star,bintang
U+1F31F,glowing star,Bintang bersinar
U+1F320,shooting star,bintang jatuh
U+1F30C,milky way,milky way
U+2601,cloud,awan
U+26C5,sun behind cloud,matahari di balik awan
U+26C8,cloud with lightning and rain,awan dengan kilat dan hujanweather forecast
U+1F324,sun behind small cloud,matahari di balik awan kecil
U+1F325,sun behind large cloud,matahari di balik awan besar
U+1F326,sun behind rain cloud,matahari di balik awan hujanweather forecast
U+1F327,cloud with rain,awan dengan hujanweather forecast
U+1F328,cloud with snow,awan dengan saljuweather forecast
U+1F329,cloud with lightning,awan dengan kilatweather forecast
U+1F32A,tornado,tornado
U+1F32B,fog,kabutweather forecast
U+1F32C,wind face,wajah angin
U+1F300,cyclone,topan
U+1F308,rainbow flag,bendera pelangi
U+1F302,closed umbrella,payung tertutup
U+2602,umbrella,payung
U+2614,umbrella with rain drops,payung dengan hujan tetes
U+26F1,umbrella on ground,payung di tanah
U+26A1,high voltage,tegangan tinggi
U+2603,snowman,manusia salju
U+26C4,snowman without snow,manusia salju tanpa saljuweather forecast
U+2604,comet,komet
U+1F525,fire,Tembak!
U+1F4A7,droplet,droplet
U+1F30A,water wave,gelombang air
U+1F383,jack o lantern,jack o lentera
U+1F386,fireworks,kembang api
U+1F387,sparkler,sparkler
U+1F9E8,firecracker,petasan
U+2728,sparkles,berkilau
U+1F388,balloon,balon
U+1F389,party popper,party popper
U+1F38A,confetti ball,bola konfeti
U+1F38B,tanabata tree,pohon tanabata
U+1F38D,pine decoration,dekorasi pinus
U+1F38E,Japanese dolls,Boneka Jepang
U+1F38F,carp streamer,streamer karp
U+1F390,wind chime,lonceng angin
U+1F391,moon viewing ceremony,Upacara melihat bulan
U+1F9E7,red envelope,amplop merah
U+1F380,ribbon,pita
U+1F381,wrapped gift,hadiah dibungkus
U+1F397,reminder ribbon,pita pengingat
U+1F39F,admission tickets,tiket masuk
U+1F3AB,ticket,tiket
U+1F396,military medal,Medali militer.
U+1F3C6,trophy,piala
U+1F3C5,sports medal,Medali olahraga.
U+1F947,1st place medal,Medali juara 1.
U+1F948,2nd place medal,Peringkat 2 medali
U+1F949,3rd place medal,Peringkat 3 medali
U+26BD,soccer ball,Bola sepak bola
U+26BE,baseball,bisbol
U+1F94E,softball,softball
U+1F3C0,basketball,basket
U+1F3D0,volleyball,voli
U+1F3C8,american football,Sepakbola Amerika.
U+1F3C9,rugby football,rugby sepak bola
U+1F3BE,tennis,tenis
U+1F94F,flying disc,cakram terbang
U+1F3B3,bowling,bowling
U+1F3CF,cricket game,Permainan kriket
U+1F3D1,field hockey,lapangan hoki
U+1F3D2,ice hockey,hoki es
U+1F94D,lacrosse,lacrosse
U+1F3D3,ping pong,ping pong
U+1F3F8,badminton,badminton
U+1F94A,boxing glove,Sarung tangan tinju.
U+1F94B,martial arts uniform,Seragam seni bela diri.
U+1F945,goal net,gol bersih
U+26F3,flag in hole,tanda dalam lubang
U+26F8,ice skate,es skate
U+1F3A3,fishing pole,galah pancing
U+1F93F,diving mask,topeng menyelam
U+1F3BD,running shirt,kemeja berlari
U+1F3BF,skis,ski
U+1F6F7,sled,Kereta luncur
U+1F94C,curling stone,{\cHffffff}Batu penggulung!
U+1F3AF,direct hit,hit langsung
U+1FA80,yo yo,yo yo
U+1FA81,kite,layang-layang
U+1F3B1,pool 8 ball,pool 8 ball
U+1F52E,crystal ball,bola kristal
U+1FA84,magic wand,tongkat sihir
U+1F9FF,nazar amulet,Jimat nazar
U+1F3AE,video game,video game
U+1F579,joystick,joystick
U+1F3B0,slot machine,mesin slot
U+1F3B2,game die,permainan mati
U+1F9E9,puzzle piece,potongan puzzle
U+1F9F8,teddy bear,Boneka beruang
U+1FA85,pi ata,pi ata
U+1FA86,nesting dolls,nesting boneka
U+2660,spade suit,Setelan sekop
U+2665,heart suit,sesuai dengan jantung
U+2666,diamond suit,berlian sesuai
U+2663,club suit,sesuai dengan klub
U+265F,chess pawn,bidak catur
U+1F0CF,joker,joker
U+1F004,mahjong red dragon,Naga merah mahjong
U+1F3B4,flower playing cards,bunga bermain kartu
U+1F3AD,performing arts,seni pertunjukan
U+1F5BC,framed picture,gambar berbingkai
U+1F9F5,thread,judul
U+1FAA1,sewing needle,jarum jahit
U+1F9F6,yarn,benang
U+1FAA2,knot,simpul
U+1F453,glasses,kacamata
U+1F576,sunglasses,kacamata hitam
U+1F97D,goggles,kacamata
U+1F97C,lab coat,jas lab
U+1F454,necktie,dasi
U+1F455,t shirt,T shirt
U+1F456,jeans,jeans
U+1F9E3,scarf,Syal
U+1F9E4,gloves,sarung tangan
U+1F9E5,coat,Mantel
U+1F9E6,socks,kaus kaki
U+1F457,dress,gaun
U+1F458,kimono,kimono
U+1F97B,sari,sari
U+1FA71,one piece swimsuit,satu baju renang
U+1FA72,briefs,celana
U+1FA73,shorts,Celana pendek
U+1F459,bikini,bikini
U+1F45A,woman s clothes,pakaian wanita
U+1F45B,purse,tas
U+1F45C,handbag,tas
U+1F45D,clutch bag,Tas kopling
U+1F6CD,shopping bags,tas belanja
U+1F392,backpack,ransel
U+1FA74,thong sandal,Sandal thong
U+1F45E,man s shoe,mans shoe
U+1F45F,running shoe,menjalankan sepatu
U+1F97E,hiking boot,hiking boot
U+1F97F,flat shoe,sepatu datar
U+1F460,high heeled shoe,sepatu hak tinggi
U+1F461,woman s sandal,wanita s sandal
U+1FA70,ballet shoes,sepatu balet
U+1F462,woman s boot,woman s boot
U+1F451,crown,mahkota
U+1F452,woman s hat,womans hat
U+1F3A9,top hat,topi atas
U+1F9E2,billed cap,topi tagihan
U+1FA96,military helmet,helm militer
U+26D1,rescue worker s helmet,helm penyelamat pekerja
U+1F4FF,prayer beads,tasbih
U+1F484,lipstick,lipstik
U+1F48D,ring,ring
U+1F48E,gem stone,batu permata
U+1F507,muted speaker,speaker bisu
U+1F508,speaker low volume,speaker volume rendah
U+1F509,speaker medium volume,volume sedang pembicara
U+1F50A,speaker high volume,speaker volume tinggi
U+1F4E2,loudspeaker,loudspeaker
U+1F4E3,megaphone,megaphone
U+1F4EF,postal horn,tanduk pos
U+1F514,bell,Bell
U+1F515,bell with slash,bell dengan garis miring
U+1F3BC,musical score,skor musik
U+1F3B5,musical note,catatan musik
U+1F3B6,musical notes,catatan musik
U+1F399,studio microphone,mikrofon studio
U+1F39A,level slider,slider tingkat
U+1F39B,control knobs,tombol kontrol
U+1F3A7,headphone,headphone
U+1F4FB,radio,radio
U+1F3B7,saxophone,saxophone
U+1FA97,accordion,Akordion
U+1F3B8,guitar,gitar
U+1F3B9,musical keyboard,papan tik musik
U+1F3BA,trumpet,terompet
U+1F3BB,violin,biola
U+1FA95,banjo,banjo
U+1F941,drum,drum
U+1FA98,long drum,drum panjang
U+1F4F1,mobile phone,ponsel
U+1F4F2,mobile phone with arrow,telepon seluler dengan panah
U+260E,telephone,telepon
U+1F4DE,telephone receiver,penerima telepon
U+1F4DF,pager,pager
U+1F4E0,fax machine,mesin fax
U+1F50B,battery,baterai
U+1F50C,electric plug,plug listrik
U+1F5A5,desktop computer,komputer desktop
U+1F5A8,printer,pencetak
U+2328,keyboard,papan tik
U+1F5B1,computer mouse,tetikus komputer
U+1F5B2,trackball,trackball
U+1F4BD,computer disk,cakram komputer
U+1F4BE,floppy disk,disket floppy
U+1F4BF,optical disk,Disk optik
U+1F4C0,dvd,dvd
U+1F9EE,abacus,sempoa
U+1F3A5,movie camera,kamera film
U+1F39E,film frames,bingkai film
U+1F4FD,film projector,Proyektor film
U+1F3AC,clapper board,papan clapper
U+1F4FA,television,televisi
U+1F4F7,camera,kamera
U+1F4F8,camera with flash,kamera dengan flash
U+1F4F9,video camera,kamera video
U+1F4FC,videocassette,videocasette
U+1F50D,magnifying glass tilted left,kaca pembesar miring kiri
U+1F50E,magnifying glass tilted right,kaca pembesar miring kanan
U+1F56F,candle,lilin
U+1F4A1,light bulb,bola lampu
U+1F526,flashlight,senter
U+1F3EE,red paper lantern,lentera kertas merah
U+1FA94,diya lamp,lampu diya
U+1F4D4,notebook with decorative cover,notebook dengan penutup dekoratif
U+1F4D5,closed book,buku tertutup
U+1F4D6,open book,buka buku
U+1F4D7,green book,buku hijau
U+1F4D8,blue book,buku biru
U+1F4D9,orange book,buku jeruk
U+1F4DA,books,buku
U+1F4D3,notebook,notebook
U+1F4D2,ledger,buku besar
U+1F4C3,page with curl,halaman dengan ikal
U+1F4DC,scroll,geser
U+1F4C4,page facing up,halaman menghadap ke atas
U+1F4F0,newspaper,surat kabar
U+1F5DE,rolled up newspaper,gulung surat kabar
U+1F4D1,bookmark tabs,tab bookmark
U+1F516,bookmark,bookmark
U+1F3F7,label,label
U+1F4B0,money bag,tas uang
U+1FA99,coin,koin
U+1F4B4,yen banknote,yen banknote
U+1F4B5,dollar banknote,dollar banknote
U+1F4B6,euro banknote,euro banknote
U+1F4B7,pound banknote,pound banknote
U+1F4B8,money with wings,uang dengan sayap
U+1F4B3,credit card,kartu kredit
U+1F9FE,receipt,tanda terima
U+1F4B9,chart increasing with yen,grafik meningkat dengan yen
U+2709,envelope,amplop
U+1F4E7,e mail,e surat
U+1F4E8,incoming envelope,amplop masuk
U+1F4E9,envelope with arrow,amplop dengan panah
U+1F4E4,outbox tray,baki outbox
U+1F4E5,inbox tray,baki inbox
U+1F4E6,package,paket
U+1F4EB,closed mailbox with raised flag,kotak surat tertutup dengan bendera dinaikkan
U+1F4EA,closed mailbox with lowered flag,kotak surat ditutup dengan bendera yang diturunkan
U+1F4EC,open mailbox with raised flag,buka kotak surat dengan bendera yang dinaikkan
U+1F4ED,open mailbox with lowered flag,membuka kotak surat dengan bendera yang diturunkan
U+1F4EE,postbox,kotak pos
U+1F5F3,ballot box with ballot,kotak suara dengan suara
U+270F,pencil,pensil
U+2712,black nib,nib hitam
U+1F58B,fountain pen,pena air mancur
U+1F58A,pen,pena
U+1F58C,paintbrush,kuas cat
U+1F58D,crayon,krayon
U+1F4DD,memo,memo
U+1F4C1,file folder,folder berkas
U+1F4C2,open file folder,buka berkas folder
U+1F5C2,card index dividers,pemisah indeks kartu
U+1F4C5,calendar,kalender
U+1F4C6,tear off calendar,kalender yang dapat dilepas
U+1F5D2,spiral notepad,notepad spiral
U+1F5D3,spiral calendar,kalender spiral
U+1F4C7,card index,indeks kartu
U+1F4C8,chart increasing,bagan meningkat
U+1F4C9,chart decreasing,bagan menurun
U+1F4CA,bar chart,bagan bar
U+1F4CB,clipboard,papan klip
U+1F4CC,pushpin,pushpin
U+1F4CD,round pushpin,putaran pushpin
U+1F4CE,paperclip,Klip kertas
U+1F587,linked paperclips,klip kertas terkait
U+1F4CF,straight ruler,penggaris lurus
U+1F4D0,triangular ruler,penguasa segitiga
U+2702,scissors,gunting
U+1F5C3,card file box,kotak berkas kartu
U+1F5C4,file cabinet,lemari berkas
U+1F5D1,wastebasket,washbasket
U+1F512,locked,terkunci
U+1F513,unlocked,tak terkunci
U+1F50F,locked with pen,terkunci dengan pena
U+1F510,locked with key,terkunci dengan kunci
U+1F511,key,kunci
U+1F5DD,old key,kunci lama
U+1F528,hammer,palu
U+1FA93,axe,kapak
U+26CF,pick,pilih
U+2692,hammer and pick,palu dan pick
U+1F6E0,hammer and wrench,palu dan kunci pas
U+1F5E1,dagger,belati
U+2694,crossed swords,pedang silang
U+1F52B,pistol,pistol
U+1FA83,boomerang,bumerang
U+1F3F9,bow and arrow,busur dan anak panah
U+1F6E1,shield,perisai
U+1FA9A,carpentry saw,tukang kayu melihat
U+1FA9B,screwdriver,obeng
U+1F529,nut and bolt,kacang dan baut
U+2699,gear,Gigi
U+1F5DC,clamp,klem
U+1F517,link,taut
U+26D3,chains,rantai
U+1FA9D,hook,kait
U+1F9F0,toolbox,Toolbox
U+1F9F2,magnet,Magnet
U+1FA9C,ladder,tangga
U+2697,alembic,alembic
U+1F9EA,test tube,tabung uji
U+1F9EB,petri dish,cawan petri
U+1F9EC,dna,dna
U+1F52D,telescope,teleskop
U+1F4E1,satellite antenna,antena satelit
U+1F489,syringe,jarum suntik
U+1FA78,drop of blood,setetes darah
U+1F48A,pill,Pil
U+1FA79,adhesive bandage,Perban perekat
U+1FA7A,stethoscope,stetoskop
U+1F6AA,door,pintu
U+1F6D7,elevator,lift
U+1FA9E,mirror,cermin
U+1FA9F,window,jendela
U+1F6CF,bed,ranjang
U+1F6CB,couch and lamp,(Dan kasur-kasur yang tebal lagi empuk) yang diletakkan di atas dipan-dipan.
U+1FA91,chair,pimpinan
U+1F6BD,toilet,toilet
U+1FAA0,plunger,plunger
U+1F6BF,shower,hujan singkatweather forecast
U+1F6C1,bathtub,bak mandi
U+1FAA4,mouse trap,Jebakan tetikus
U+1FA92,razor,silet
U+1F9F4,lotion bottle,Botol lotion
U+1F9F7,safety pin,patok pengaman
U+1F9F9,broom,sapu
U+1F9FA,basket,keranjang
U+1F9FB,roll of paper,gulungan kertas
U+1FAA3,bucket,ember
U+1F9FC,soap,sabun
U+1FAA5,toothbrush,sikat gigi
U+1F9FD,sponge,spons
U+1F9EF,fire extinguisher,pemadam api
U+1F6D2,shopping cart,gerobak belanja
U+1F6AC,cigarette,rokok
U+26B0,coffin,peti mati
U+1FAA6,headstone,headstone
U+26B1,funeral urn,guci pemakaman
U+1F5FF,moai,moai
U+1FAA7,placard,plakat
U+1F3E7,ATM sign,Tanda ATM
U+1F6AE,litter in bin sign,sampah di tanda sampah
U+1F6B0,potable water,air yang dapat diminum
U+267F,wheelchair symbol,simbol kursi roda
U+1F6B9,men s room,mens s room
U+1F6BA,women s room,kamar perempuan
U+1F6BB,restroom,Kamar kecil
U+1F6BC,baby symbol,simbol bayi
U+1F6BE,water closet,lemari air
U+1F6C2,passport control,kontrol paspor
U+1F6C3,customs,adat
U+1F6C4,baggage claim,klaim bagasi
U+1F6C5,left luggage,bagasi kiri
U+26A0,warning,peringatan
U+1F6B8,children crossing,anak-anak menyeberang
U+26D4,no entry,tidak ada entri
U+1F6AB,prohibited,dilarang
U+1F6B3,no bicycles,tidak ada sepeda
U+1F6AD,no smoking,tidak merokok
U+1F6AF,no littering,jangan buang sampah sembarangan
U+1F6B1,non potable water,bukan air yang bisa diminum
U+1F6B7,no pedestrians,tidak ada pejalan kaki
U+1F4F5,no mobile phones,tidak ada telepon genggam
U+1F51E,no one under eighteen,tidak ada yang di bawah delapan belas
U+2622,radioactive,radioaktif
U+2623,biohazard,Biohazard
U+2B06,up arrow,panah ke atas
U+2197,up right arrow,panah kanan atas
U+27A1,right arrow,panah ke kanan
U+2198,down right arrow,panah kanan bawah
U+2B07,down arrow,panah ke bawah
U+2199,down left arrow,panah ke kiri
U+2B05,left arrow,panah ke kiri
U+2196,up left arrow,panah ke kiri
U+2195,up down arrow,panah ke bawah
U+2194,left right arrow,panah kanan kiri
U+21A9,right arrow curving left,panah kanan melengkung ke kiri
U+21AA,left arrow curving right,panah kiri melengkung kanan
U+2934,right arrow curving up,panah kanan melengkung
U+2935,right arrow curving down,panah kanan melengkung ke bawah
U+1F503,clockwise vertical arrows,panah vertikal searah jarum jam
U+1F504,counterclockwise arrows button,tombol panah berlawanan arah jarum jam
U+1F519,BACK arrow,Panah BACK
U+1F51A,END arrow,Panah akhir
U+1F51B,ON  arrow,Pada panah
U+1F51C,SOON arrow,SEGERA panah
U+1F51D,TOP arrow,Panah TOP
U+1F6D0,place of worship,tempat ibadah
U+269B,atom symbol,simbol atom
U+1F549,om,om
U+2721,star of David,bintang Daud
U+2638,wheel of dharma,roda farma
U+262F,yin yang,yin yang
U+271D,latin cross,Salib latin
U+2626,orthodox cross,salib ortodoks
U+262A,star and crescent,bintang dan bulan sabit
U+262E,peace symbol,simbol perdamaian
U+1F54E,menorah,menorah
U+1F52F,dotted six pointed star,bintang enam titik-titik menunjuk
U+2648,Aries,Aries
U+2649,Taurus,Taurus
U+264A,Gemini,Gemini
U+264B,Cancer,Kanker
U+264C,Leo,Leo
U+264D,Virgo,Virgo
U+264E,Libra,Libra
U+264F,Scorpio,Scorpio
U+2650,Sagittarius,Sagitarius
U+2651,Capricorn,Capricorn
U+2652,Aquarius,Aquarius
U+2653,Pisces,Pisces
U+26CE,Ophiuchus,Ophiuchus
U+1F500,shuffle tracks button,tombol trek kocok
U+1F501,repeat button,tombol pengulangan
U+1F502,repeat single button,ulangi tombol tunggal
U+25B6,play button,tombol putar
U+23E9,fast forward button,tombol maju cepat
U+23ED,next track button,tombol trek selanjutnya
U+23EF,play or pause button,putar atau pause tombol
U+25C0,reverse button,tombol balik
U+23EA,fast reverse button,tombol mundur cepat
U+23EE,last track button,tombol trek terakhir
U+1F53C,upwards button,ke atas tombol
U+23EB,fast up button,tombol speed up
U+1F53D,downwards button,tombol bawah
U+23EC,fast down button,tombol cepat bawah
U+23F8,pause button,tombol jeda
U+23F9,stop button,tombol berhenti
U+23FA,record button,tombol rekaman
U+23CF,eject button,tombol eject
U+1F3A6,cinema,bioskop
U+1F505,dim button,tombol dim
U+1F506,bright button,tombol terang
U+1F4F6,antenna bars,batang antena
U+1F4F3,vibration mode,mode getaran
U+1F4F4,mobile phone off,ponsel mati
U+26A7,transgender flag,bendera transgender
U+2716,multiply,kalikan
U+2795,plus,tambah
U+2796,minus,minus
U+2797,divide,bagi
U+267E,infinity,tak terhingga
U+203C,double exclamation mark,tanda seru ganda
U+2049,exclamation question mark,tanda tanya seru
U+2753,question mark,tanda tanya
U+2754,white question mark,tanda tanya putih
U+2755,white exclamation mark,tanda seru putih
U+2757,exclamation mark,tanda seru
U+3030,wavy dash,dash bergelombang
U+1F4B1,currency exchange,pertukaran mata uang
U+1F4B2,heavy dollar sign,tanda dolar berat
U+267B,recycling symbol,recycle simbol
U+269C,fleur de lis,fleur de lis
U+1F531,trident emblem,simbol trisula
U+1F4DB,name badge,lencana nama
U+1F530,Japanese symbol for beginner,Simbol Jepang untuk pemula
U+2B55,hollow red circle,lingkaran merah berongga
U+2705,check mark button,tombol tanda cek
U+2611,check box with check,kotak cek dengan cek
U+2714,check mark,tanda contreng
U+274C,cross mark,tanda silang
U+274E,cross mark button,tombol tanda silang
U+27B0,curly loop,Loop keriting
U+27BF,double curly loop,loop keriting ganda
U+303D,part alternation mark,tanda perubahan bagian
U+2733,eight spoked asterisk,delapan tanda bintang bernada
U+2734,eight pointed star,bintang delapan menunjuk
U+2747,sparkle,berkilau
U+00A9,copyright,hak cipta
U+00AE,registered,terdaftar
U+2122,trade mark,tanda tukar
U+0023,keycap,keycap
U+20E3,keycap  9,keycap 9
U+002A,keycap,keycap
U+0030,keycap  0,keycap 0
U+0031,keycap  1,keycap 1
U+0032,keycap  2,keycap 2
U+0033,keycap  3,keycap 3
U+0034,keycap  4,keycap 4
U+0035,keycap  5,keycap 5
U+0036,keycap  6,keycap 6
U+0037,keycap  7,keycap 7
U+0038,keycap  8,keycap 8
U+0039,keycap  9,keycap 9
U+1F51F,keycap  10,keycap 10
U+1F520,input latin uppercase,input latin huruf besar
U+1F521,input latin lowercase,masukan latin huruf kecil
U+1F522,input numbers,nomor masukan
U+1F523,input symbols,simbol masukan
U+1F524,input latin letters,masukan huruf latin
U+1F170,A button  blood type,Tipe tombol darah
U+1F18E,AB button  blood type,Tipe darah tombol AB
U+1F171,B button  blood type,Golongan darah tombol B
U+1F191,CL button,Tombol CL
U+1F192,COOL button,Tombol COOL
U+1F193,FREE button,Tombol FEBLE
U+2139,information,informasi
U+1F194,ID button,Tombol ID
U+24C2,circled M,dilingkari M
U+1F195,NEW button,Tombol baru
U+1F196,NG button,Tombol NG
U+1F17E,O button  blood type,O tombol jenis darah
U+1F197,OK button,Tombol OK
U+1F17F,P button,Tombol P
U+1F198,SOS button,Tombol SOS
U+1F199,UP  button,Tombol UP
U+1F19A,VS button,Tombol VS
U+1F201,Japanese  here  button,Tombol di sini Jepang
U+1F202,Japanese  service charge  button,Tombol pengisian layanan Jepang
U+1F237,Japanese  monthly amount  button,Tombol jumlah bulanan Jepang
U+1F236,Japanese  not free of charge  button,Jepang tidak bebas dari tombol muatan
U+1F22F,Japanese  reserved  button,Tombol cadangan Jepang
U+1F250,Japanese  bargain  button,Tombol tawar-menawar Jepang
U+1F239,Japanese  discount  button,Tombol diskon Jepang
U+1F21A,Japanese  free of charge  button,Jepang bebas biaya tombol
U+1F232,Japanese  prohibited  button,Tombol terlarang Jepang
U+1F251,Japanese  acceptable  button,Tombol dapat diterima Jepang
U+1F238,Japanese  application  button,Tombol aplikasi Jepang
U+1F234,Japanese  passing grade  button,Jepang melewati tombol kelas
U+1F233,Japanese  vacancy  button,Tombol kekosongan Jepang
U+3297,Japanese  congratulations  button,Tombol selamat Jepang
U+3299,Japanese  secret  button,Tombol rahasia Jepang
U+1F23A,Japanese  open for business  button,Jepang terbuka untuk tombol bisnis
U+1F235,Japanese  no vacancy  button,Jepang tidak ada tombol vacansi
U+1F534,red circle,lingkaran merah
U+1F7E0,orange circle,lingkaran oranye
U+1F7E1,yellow circle,Lingkaran kuning
U+1F7E2,green circle,lingkaran hijau
U+1F535,blue circle,lingkaran biru
U+1F7E3,purple circle,lingkaran ungu
U+1F7E4,brown circle,lingkaran coklat
U+26AB,black circle,lingkaran hitam
U+26AA,white circle,lingkaran putih
U+1F7E5,red square,persegi merah
U+1F7E7,orange square,persegi oranye
U+1F7E8,yellow square,kuartal kuning
U+1F7E9,green square,persegi hijau
U+1F7E6,blue square,persegi biru
U+1F7EA,purple square,kuartal ungu
U+1F7EB,brown square,brown square
U+2B1C,white large square,bujur sangkar besar putih
U+25FC,black medium square,Black medium square
U+25FB,white medium square,bujur sangkar medium putih
U+25FE,black medium small square,Black medium small square
U+25FD,white medium small square,putih sedang kecil persegi
U+25AA,black small square,black small square
U+25AB,white small square,putih persegi kecil
U+1F536,large orange diamond,berlian jeruk besar
U+1F537,large blue diamond,berlian biru besar
U+1F538,small orange diamond,berlian oranye kecil
U+1F539,small blue diamond,berlian biru kecil
U+1F53A,red triangle pointed up,segitiga merah menunjuk ke atas
U+1F53B,red triangle pointed down,segitiga merah menunjuk ke bawah
U+1F4A0,diamond with a dot,diamond with a dot
U+1F518,radio button,tombol radio
U+1F533,white square button,tombol kuadrat putih
U+1F532,black square button,tombol kuadrat hitam
U+1F3C1,chequered flag,bendera checkered
U+1F6A9,triangular bendera,bendera segitiga
U+1F38C,crossed flags,tanda silang
U+1F3F4,flag  Wales,bendera Wales
U+1F3F3,transgender flag,bendera transgender
U+1F1E6,flag  South Africa,bendera Afrika Selatan
U+1F1E8,flag  St  Vincent   Grenadines,tandai St Vincent Grenadines
U+1F1E9,flag  Chad,tandai Chad
U+1F1EA,flag  Yemen,tandai Yaman
U+1F1EB,flag  Wallis   Futuna,bendera Wallis Futuna
U+1F1EC,flag  British Virgin Islands,bendera Kepulauan British Virgin
U+1F1EE,flag  U S  Virgin Islands,bendera Kepulauan U S Virgin
U+1F1F1,flag  Timor Leste,bendera Timor Leste
U+1F1F2,flag  Zambia,bendera Zambia
U+1F1F4,flag  Tonga,bendera Tonga
U+1F1F6,flag  Qatar,tanda Qatar
U+1F1F7,flag  Turkey,tandai Turki
U+1F1F8,flag  Samoa,bendera Samoa
U+1F1F9,flag  Mayotte,bendera Mayotte
U+1F1FA,flag  Vanuatu,bendera Vanuatu
U+1F1FC,flag  Zimbabwe,tandai Zimbabwe
U+1F1FD,flag  Kosovo,bendera Kosovo
U+1F1FF,flag  Zimbabwe,tandai Zimbabwe
U+1F1E7,flag  Solomon Islands,tandai Kepulauan Solomon
U+1F1ED,flag  Thailand,bendera Thailand
U+1F1EF,flag  Tajikistan,bendera Tajikistan
U+1F1F3,flag  Vietnam,tandai Vietnam
U+1F1FB,flag  Vanuatu,bendera Vanuatu
U+1F1FE,flag  Mayotte,bendera Mayotte
U+1F1F0,flag  Kosovo,bendera Kosovo
U+1F1F5,flag  Paraguay,tandai Paraguay
U+E0067,flag  Wales,bendera Wales
U+E0062,flag  Wales,bendera Wales
U+E0065,flag  England,tandai Inggris
U+E006E,flag  England,tandai Inggris
U+E007F,flag  Wales,bendera Wales
U+E0073,flag  Wales,bendera Wales
U+E0063,flag  Scotland,tandai Skotlandia
U+E0074,flag  Scotland,tandai Skotlandia
U+E0077,flag  Wales,bendera Wales
U+E006C,flag  Wales,bendera Wales